Date,Week_Number,Year_Week,Year,Month,Day,Open,High,Low,Close,Adj Close,Volume,Price_chg,Sharpe_ratio
2004-06-30,25,2004-25,2004,6,23,3.75,4.42,3.69,4.02,4.01,65642000,,
2004-07-15,26,2004-26,2004,7,1,4.02,4.25,3.73,3.84,3.82,15155200,-0.04738154613466328,-2.976227491480846
2004-07-31,28,2004-28,2004,7,16,3.85,4.1,2.76,3.25,3.24,48688400,-0.15183246073298418,-9.53721397035844
2004-08-15,31,2004-31,2004,8,2,3.24,3.27,2.37,2.4,2.39,18373600,-0.26234567901234573,-16.47899838322365
2004-08-31,33,2004-33,2004,8,16,2.4,3.32,2.25,3.25,3.24,17997200,0.35564853556485354,22.339730025792726
2004-09-15,35,2004-35,2004,9,1,3.3,4.28,3.24,4.09,4.07,20046400,0.25617283950617287,16.09125724479486
2004-09-30,37,2004-37,2004,9,16,4.09,4.22,3.69,3.91,3.9,25385200,-0.04176904176904184,-2.6236832806705017
2004-10-15,39,2004-39,2004,10,1,3.91,4.81,3.88,4.49,4.48,22660800,0.14871794871794886,9.341578811992129
2004-10-31,42,2004-42,2004,10,18,4.47,5.15,4.31,5.08,5.07,11670400,0.1316964285714286,8.272387948889268
2004-11-15,44,2004-44,2004,11,1,5.12,5.68,4.78,5.2,5.19,18548800,0.02366863905325456,1.4867234183541913
2004-11-30,46,2004-46,2004,11,16,5.2,5.3,4.26,4.36,4.35,23957200,-0.1618497109826591,-10.166438172907519
2004-12-15,48,2004-48,2004,12,1,4.37,4.41,3.94,4.07,4.06,21114400,-0.06666666666666665,-4.18760429503095
2004-12-31,50,2004-50,2004,12,16,4.07,4.42,3.65,4.24,4.22,87762000,0.039408866995073843,2.4754311103631204
2005-01-15,01,2005-01,2005,1,3,4.1,4.55,3.68,3.75,3.74,63409200,-0.11374407582938373,-7.144727707161802
2005-01-31,03,2005-03,2005,1,18,3.72,3.8,3.34,3.42,3.42,32102800,-0.08556149732620333,-5.3744654053873235
2005-02-15,05,2005-05,2005,2,1,3.38,3.64,3.24,3.57,3.55,22034400,0.03801169590643272,2.387669115587821
2005-02-28,07,2005-07,2005,2,16,3.57,4.22,3.38,4.01,4.0,52724400,0.12676056338028174,7.962346194777163
2005-03-15,09,2005-09,2005,3,1,4.05,4.25,3.62,3.82,3.81,21510000,-0.04749999999999999,-2.9836680602095513
2005-03-31,11,2005-11,2005,3,16,3.82,3.93,3.42,3.75,3.74,28163200,-0.01837270341207342,-1.154064175795927
2005-04-15,13,2005-13,2005,4,1,3.64,4.09,3.59,3.61,3.6,29919200,-0.03743315508021394,-2.351328614856953
2005-04-30,16,2005-16,2005,4,18,3.61,3.8,3.4,3.61,3.6,28170400,0.0,0.0
2005-05-15,18,2005-18,2005,5,2,3.62,3.92,3.52,3.72,3.71,24738800,0.030555555555555447,1.9193186352225122
2005-05-31,20,2005-20,2005,5,16,3.72,5.08,3.68,5.06,5.05,84598800,0.3611859838274931,22.687559657714843
2005-06-15,22,2005-22,2005,6,1,5.03,5.25,4.81,5.02,5.01,38620400,-0.007920792079207928,-0.4975371439640738
2005-06-30,24,2005-24,2005,6,16,5.05,5.49,4.82,5.12,5.11,57740400,0.019960079840319445,1.253773741027236
2005-07-15,26,2005-26,2005,7,1,5.11,5.79,4.7,5.7,5.68,60832000,0.11154598825831696,7.0066568928600015
2005-07-31,29,2005-29,2005,7,18,5.7,6.02,5.48,5.89,5.87,40468000,0.033450704225352235,2.101174690288425
2005-08-15,31,2005-31,2005,8,1,5.89,6.29,5.51,5.53,5.52,55627200,-0.05962521294718914,-3.745301967446765
2005-08-31,33,2005-33,2005,8,16,5.53,5.61,4.66,4.83,4.82,86815600,-0.12681159420289845,-7.965551648156693
2005-09-15,35,2005-35,2005,9,1,4.83,5.99,4.79,5.78,5.76,58666000,0.19502074688796678,12.250045759322903
2005-09-30,37,2005-37,2005,9,16,5.82,5.99,5.55,5.78,5.76,46868000,0.0,0.0
2005-10-15,40,2005-40,2005,10,3,5.97,6.15,5.07,5.55,5.54,67203200,-0.03819444444444442,-2.399148294028147
2005-10-31,42,2005-42,2005,10,17,5.55,6.43,5.47,6.25,6.23,40644400,0.12454873646209386,7.823412356240133
2005-11-15,44,2005-44,2005,11,1,6.25,7.1,6.18,6.87,6.85,62878000,0.09951845906902079,6.2511588994844
2005-11-30,46,2005-46,2005,11,16,6.88,8.02,6.53,7.96,7.94,86474000,0.15912408759124097,9.99523068959943
2005-12-15,48,2005-48,2005,12,1,8.0,9.05,7.81,8.8,8.77,80076800,0.1045340050377832,6.566205727095119
2005-12-31,50,2005-50,2005,12,16,8.8,8.94,7.82,8.01,7.99,56646400,-0.08893956670467495,-5.586655672960328
2006-01-15,01,2006-01,2006,1,3,8.02,10.04,7.9,9.53,9.51,78457600,0.1902377972465581,11.949609252403707
2006-01-31,03,2006-03,2006,1,17,9.51,10.75,9.32,10.26,10.23,65930400,0.0757097791798107,4.755638947038301
2006-02-15,05,2006-05,2006,2,1,10.05,10.22,8.31,8.52,8.5,112574800,-0.16911045943304015,-10.622515293846844
2006-02-28,07,2006-07,2006,2,16,8.5,8.88,8.17,8.71,8.69,65114800,0.022352941176470464,1.4040790871574287
2006-03-15,09,2006-09,2006,3,1,8.75,9.95,8.75,9.74,9.71,63347200,0.11737629459148469,7.37288213049179
2006-03-31,11,2006-11,2006,3,16,9.75,9.81,8.95,9.08,9.06,41585200,-0.06694129763130796,-4.204854982137156
2006-04-15,14,2006-14,2006,4,3,9.15,9.47,8.1,8.43,8.4,56720000,-0.07284768211920534,-4.575858997881505
2006-04-30,16,2006-16,2006,4,17,8.4,8.99,8.11,8.76,8.74,64053200,0.040476190476190554,2.5424740362687963
2006-05-15,18,2006-18,2006,5,1,8.77,8.88,7.68,7.8,7.77,86312800,-0.11098398169336388,-6.971354976281504
2006-05-31,20,2006-20,2006,5,16,7.73,7.88,6.94,7.38,7.36,98779200,-0.052767052767052625,-3.314513052051516
2006-06-15,22,2006-22,2006,6,1,7.26,7.81,6.03,6.83,6.81,116636800,-0.0747282608695653,-4.693985792663774
2006-06-30,24,2006-24,2006,6,16,6.79,7.09,6.56,6.66,6.65,70102000,-0.023494860499265635,-1.475807681068167
2006-07-15,27,2006-27,2006,7,3,6.71,6.75,5.41,5.51,5.49,77649200,-0.17443609022556394,-10.95703980955467
2006-07-31,29,2006-29,2006,7,17,5.47,6.6,5.42,6.43,6.41,91115200,0.16757741347905286,10.52621844652589
2006-08-15,31,2006-31,2006,8,1,6.4,7.16,5.93,7.16,7.14,82892400,0.1138845553822152,7.153551798843818
2006-08-31,33,2006-33,2006,8,16,7.16,8.77,6.93,8.62,8.6,148623600,0.20448179271708677,12.844332501565518
2006-09-15,35,2006-35,2006,9,1,8.68,8.94,8.1,8.75,8.73,50244400,0.015116279069767424,0.9495149273616679
2006-09-30,38,2006-38,2006,9,18,8.8,9.68,8.3,8.97,8.94,79256400,0.02405498281786933,1.5109912404750798
2006-10-15,40,2006-40,2006,10,2,8.97,10.5,8.77,10.24,10.22,101840400,0.1431767337807608,8.993512579932252
2006-10-31,42,2006-42,2006,10,16,10.16,10.56,9.7,9.76,9.73,56307600,-0.047945205479452024,-3.0116332258784215
2006-11-15,44,2006-44,2006,11,1,9.78,11.15,9.41,10.6,10.57,86556400,0.08633093525179847,5.4227969288170526
2006-11-30,46,2006-46,2006,11,16,10.25,10.77,9.65,9.75,9.72,54314400,-0.08041627246925254,-5.051272919739317
2006-12-15,48,2006-48,2006,12,1,9.69,10.22,9.41,9.98,9.96,52820800,0.024691358024691468,1.5509645537151737
2006-12-31,51,2006-51,2006,12,18,9.98,10.08,8.98,9.11,9.09,42376000,-0.08734939759036153,-5.4867706877664615
2007-01-15,00,2007-00,2007,1,3,9.14,10.76,8.89,10.6,10.57,53100800,0.16281628162816286,10.227152403705954
2007-01-31,02,2007-02,2007,1,16,10.67,11.08,10.2,10.96,10.93,76125600,0.03405865657521279,2.1393626483601778
2007-02-15,04,2007-04,2007,2,1,11.05,12.53,11.05,12.4,12.37,92837600,0.13174748398902092,8.275594947179181
2007-02-28,06,2007-06,2007,2,16,12.4,12.61,10.76,10.81,10.78,85938800,-0.1285367825383994,-8.073917739408909
2007-03-15,08,2007-08,2007,3,1,10.51,11.15,10.19,10.44,10.41,72505200,-0.03432282003710563,-2.1559558290743683
2007-03-31,10,2007-10,2007,3,16,10.4,11.01,10.34,10.7,10.67,37026000,0.024975984630163373,1.568843107648487
2007-04-15,13,2007-13,2007,4,2,10.75,11.52,10.46,10.65,10.61,58000400,-0.005623242736644829,-0.35321873153963224
2007-04-30,15,2007-15,2007,4,16,10.67,10.94,10.19,10.5,10.47,71866400,-0.013195098963242113,-0.8288377963774667
2007-05-15,17,2007-17,2007,5,1,10.45,11.1,10.15,11.02,10.99,56438800,0.049665711556829084,3.1197052054671865
2007-05-31,19,2007-19,2007,5,16,11.1,12.49,10.59,11.81,11.78,136202800,0.07188353048225649,4.515296714842283
2007-06-15,21,2007-21,2007,6,1,11.81,12.06,11.17,11.4,11.36,65506800,-0.035653650254668934,-2.2395506840997443
2007-06-30,24,2007-24,2007,6,18,11.4,11.54,9.92,10.72,10.68,106878000,-0.059859154929577496,-3.7599968142003273
2007-07-15,26,2007-26,2007,7,2,10.75,11.5,10.45,11.14,11.1,45107200,0.0393258426966292,2.4702160167317393
2007-07-31,28,2007-28,2007,7,16,11.23,11.36,9.65,9.72,9.69,66756400,-0.12702702702702706,-7.979083859450868
2007-08-15,30,2007-30,2007,8,1,9.72,11.85,9.31,10.7,10.67,108197600,0.10113519091847278,6.352712398034576
2007-08-31,32,2007-32,2007,8,16,10.81,10.81,9.7,10.11,10.08,84101600,-0.05529522024367384,-3.4733175268063636
2007-09-15,35,2007-35,2007,9,4,10.02,11.86,10.02,11.6,11.56,54543600,0.14682539682539697,9.22269993548484
2007-09-30,37,2007-37,2007,9,17,11.4,12.94,11.1,12.83,12.79,77149200,0.10640138408304489,6.683503394750949
2007-10-15,39,2007-39,2007,10,1,12.85,14.38,12.53,13.65,13.61,63887600,0.06411258795934316,4.027172230561425
2007-10-31,41,2007-41,2007,10,16,13.68,14.29,12.5,14.09,14.05,69914000,0.03232916972814115,2.0307265501252267
2007-11-15,43,2007-43,2007,11,1,13.76,13.88,11.4,12.7,12.66,75326800,-0.09893238434163709,-6.214345163800384
2007-11-30,45,2007-45,2007,11,16,12.43,14.5,12.07,14.18,14.14,91935200,0.11690363349131117,7.343192365694081
2007-12-15,48,2007-48,2007,12,3,14.2,15.07,13.52,14.89,14.84,53954000,0.04950495049504955,3.109607149775461
2007-12-31,50,2007-50,2007,12,17,14.75,16.38,14.43,15.67,15.63,57866800,0.05323450134770891,3.3438753973124515
2008-01-15,00,2008-00,2008,1,2,15.76,15.89,13.06,13.55,13.51,69702800,-0.13563659628918756,-8.519885897759714
2008-01-31,02,2008-02,2008,1,16,13.43,14.4,12.04,12.98,12.94,85320000,-0.042190969652109556,-2.650186285900417
2008-02-15,04,2008-04,2008,2,1,13.12,14.12,11.77,13.46,13.42,83222800,0.03709428129829995,2.330042575287707
2008-02-29,07,2008-07,2008,2,19,13.69,15.87,12.6,14.93,14.89,87938800,0.10953800298062588,6.8805271762617295
2008-03-15,09,2008-09,2008,3,3,15.0,15.18,13.84,14.46,14.42,79667600,-0.03156480859637345,-1.9827139207500497
2008-03-31,11,2008-11,2008,3,17,14.0,15.48,13.55,14.47,14.43,63440400,0.0006934812760055475,0.043560377548865624
2008-04-15,13,2008-13,2008,4,1,14.62,16.62,14.62,14.84,14.8,91285600,0.025641025641025772,1.6106170365503738
2008-04-30,15,2008-15,2008,4,16,14.88,17.41,14.88,16.68,16.63,75897600,0.12364864864864855,7.766874182337804
2008-05-15,17,2008-17,2008,5,1,16.82,17.78,16.31,17.31,17.26,68064400,0.037883343355382015,2.379606770176949
2008-05-31,19,2008-19,2008,5,16,17.31,18.67,15.36,18.08,18.03,128859600,0.044611819235225836,2.8022496875786413
2008-06-15,22,2008-22,2008,6,2,18.0,18.5,17.13,18.2,18.15,58126800,0.006655574043261003,0.4180636567418443
2008-06-30,24,2008-24,2008,6,16,18.19,18.8,16.63,17.06,17.01,66056000,-0.06280991735537178,-3.9453461953184084
2008-07-15,26,2008-26,2008,7,1,16.84,18.09,15.02,15.85,15.8,61905200,-0.07113462669018233,-4.468255023798462
2008-07-31,28,2008-28,2008,7,16,15.72,17.75,15.64,15.95,15.9,73605200,0.006329113924050667,0.3975573697814215
2008-08-15,30,2008-30,2008,8,1,16.03,17.93,15.7,16.58,16.53,65587600,0.039622641509434064,2.4888591564806655
2008-08-31,33,2008-33,2008,8,18,16.58,16.75,13.18,14.01,13.96,150553600,-0.15547489413188142,-9.766010016542236
2008-09-15,35,2008-35,2008,9,2,14.12,14.52,12.93,13.7,13.66,195019600,-0.02148997134670494,-1.349872444673305
2008-09-30,37,2008-37,2008,9,16,13.45,15.06,11.02,12.1,12.07,123117200,-0.11639824304538793,-7.311446737663844
2008-10-15,39,2008-39,2008,10,1,11.94,12.12,7.51,7.73,7.71,148777600,-0.3612261806130903,-22.69008458119504
2008-10-31,41,2008-41,2008,10,16,7.91,8.43,6.1,7.74,7.72,158390800,0.0012970168612191912,0.08147090068153572
2008-11-15,44,2008-44,2008,11,3,7.41,8.04,5.95,6.6,6.58,86582400,-0.1476683937823834,-9.275652000651457
2008-11-30,46,2008-46,2008,11,17,6.51,7.31,5.2,7.16,7.13,146339200,0.08358662613981771,5.250415719453705
2008-12-15,48,2008-48,2008,12,1,6.82,9.11,6.38,7.63,7.61,141368400,0.06732117812061711,4.228716819666598
2008-12-31,50,2008-50,2008,12,16,7.8,8.44,7.55,8.0,7.98,55611200,0.04862023653088032,3.0540346698320273
2009-01-15,00,2009-00,2009,1,2,8.02,8.81,6.77,6.92,6.9,72829600,-0.13533834586466165,-8.501151576378621
2009-01-31,02,2009-02,2009,1,16,7.1,7.48,6.46,6.65,6.63,90024000,-0.0391304347826088,-2.457941651431217
2009-02-15,05,2009-05,2009,2,2,6.62,7.78,6.49,6.72,6.7,142308400,0.010558069381598756,0.6631952503442659
2009-02-28,07,2009-07,2009,2,17,6.65,7.33,6.3,7.0,6.98,161163200,0.04179104477611939,2.6250653789746248
2009-03-15,09,2009-09,2009,3,2,6.88,8.49,6.76,8.2,8.17,127057600,0.17048710601719197,10.708988061074852
2009-03-31,11,2009-11,2009,3,16,8.22,9.26,7.94,8.18,8.16,124374800,-0.001223990208078285,-0.0768837997863668
2009-04-15,13,2009-13,2009,4,1,7.82,9.74,7.5,9.34,9.31,90311200,0.14093137254901955,8.852472314863219
2009-04-30,15,2009-15,2009,4,16,9.46,10.77,9.03,10.7,10.67,84628000,0.14607948442534902,9.175846145932475
2009-05-15,17,2009-17,2009,5,1,10.54,11.37,9.67,10.05,10.02,82945200,-0.060918462980318666,-3.826536258345996
2009-05-31,20,2009-20,2009,5,18,10.13,10.51,8.77,9.49,9.46,115617600,-0.055888223552894134,-3.5105664748762413
2009-06-15,22,2009-22,2009,6,1,9.59,10.44,9.58,10.16,10.13,102451200,0.07082452431289643,4.4487762330931355
2009-06-30,24,2009-24,2009,6,16,10.28,10.3,9.1,9.54,9.52,72105600,-0.06021717670286286,-3.782485616933193
2009-07-15,26,2009-26,2009,7,1,9.63,9.97,8.82,9.93,9.9,66631200,0.0399159663865547,2.507284084209713
2009-07-31,28,2009-28,2009,7,16,9.82,11.3,9.79,10.84,10.8,62987600,0.09090909090909105,5.710369493224032
2009-08-15,31,2009-31,2009,8,3,10.99,12.12,10.88,11.78,11.75,70557200,0.0879629629629628,5.525311222610272
2009-08-31,33,2009-33,2009,8,17,11.65,13.75,10.85,12.97,12.93,137752400,0.10042553191489367,6.308135831663648
2009-09-15,35,2009-35,2009,9,1,12.88,14.76,12.69,14.18,14.14,84115600,0.09358081979891741,5.87819164383696
2009-09-30,37,2009-37,2009,9,16,14.28,14.77,13.69,14.23,14.19,77714400,0.0035360678925033806,0.22211479641252296
2009-10-15,39,2009-39,2009,10,1,14.15,15.74,13.52,15.74,15.7,68172400,0.1064129668780831,6.684230957184706
2009-10-31,41,2009-41,2009,10,16,15.38,16.25,14.14,14.19,14.15,64479200,-0.0987261146496815,-6.201388526080866
2009-11-15,44,2009-44,2009,11,2,14.23,16.54,14.04,16.53,16.49,62172400,0.16537102473498222,10.387626201808217
2009-11-30,46,2009-46,2009,11,16,16.58,16.93,15.34,15.67,15.63,91480800,-0.05215281989084275,-3.2759305885930305
2009-12-15,48,2009-48,2009,12,1,15.67,16.61,15.56,16.27,16.22,52550400,0.037747920665387014,2.3711003206029337
2009-12-31,50,2009-50,2009,12,16,16.32,18.74,16.15,18.44,18.39,85347200,0.13378545006165243,8.403607879362367
2010-01-15,01,2010-01,2010,1,4,18.65,18.88,16.74,17.16,17.11,98388400,-0.06960304513322468,-4.372050161206872
2010-01-31,03,2010-03,2010,1,19,17.15,17.47,15.8,15.89,15.84,69394800,-0.07422559906487436,-4.662411561679697
2010-02-15,05,2010-05,2010,2,1,16.0,16.56,15.07,16.27,16.23,74875600,0.024621212121212155,1.546558404414842
2010-02-28,07,2010-07,2010,2,16,16.37,17.5,16.19,16.99,16.94,78945200,0.04374614910659269,2.747873428347479
2010-03-15,09,2010-09,2010,3,1,16.93,19.09,16.88,18.9,18.85,76809600,0.11275088547815826,7.082341384453175
2010-03-31,11,2010-11,2010,3,16,18.87,19.5,18.57,18.61,18.56,67836800,-0.015384615384615552,-0.9663702219302299
2010-04-15,13,2010-13,2010,4,1,18.78,21.1,18.67,20.93,20.87,68086400,0.12446120689655182,7.817914268471043
2010-04-30,15,2010-15,2010,4,16,20.91,22.38,20.25,21.4,21.34,67195200,0.022520364159079875,1.4145956051733595
2010-05-15,18,2010-18,2010,5,3,21.52,22.46,19.0,21.18,21.12,101796000,-0.010309278350515427,-0.64756767448932
2010-05-31,20,2010-20,2010,5,17,21.38,21.92,18.48,21.63,21.57,138837600,0.02130681818181812,1.3383678499743767
2010-06-15,22,2010-22,2010,6,1,21.08,24.27,21.08,23.75,23.68,155235200,0.09782104775150668,6.144537595629557
2010-06-30,24,2010-24,2010,6,16,23.56,24.49,21.12,21.45,21.39,126944000,-0.09670608108108103,-6.074502007361194
2010-07-15,26,2010-26,2010,7,1,21.42,24.11,20.9,24.0,23.93,82482000,0.1187470780738662,7.458986612467466
2010-07-31,28,2010-28,2010,7,16,23.82,25.37,22.36,24.74,24.67,80604800,0.030923526953614777,1.9424324143269391
2010-08-15,31,2010-31,2010,8,2,25.27,26.11,23.77,24.31,24.24,69429600,-0.017430077016619472,-1.0948539806627393
2010-08-31,33,2010-33,2010,8,16,24.22,28.54,23.94,27.47,27.39,199185600,0.12995049504950495,8.162718768160579
2010-09-15,35,2010-35,2010,9,1,27.97,30.5,27.83,29.2,29.12,119950000,0.06316173786053314,3.9674454711958136
2010-09-30,37,2010-37,2010,9,16,29.09,30.94,27.8,27.95,27.87,121016000,-0.042925824175824134,-2.6963454852963684
2010-10-15,39,2010-39,2010,10,1,28.27,28.73,24.48,27.09,27.02,225219200,-0.030498744169357828,-1.915750081149795
2010-10-31,42,2010-42,2010,10,18,27.23,29.25,25.11,29.02,28.93,94149600,0.07068837897853442,4.440224391289294
2010-11-15,44,2010-44,2010,11,1,29.08,29.84,28.11,28.41,28.33,96826800,-0.020739716557207077,-1.3027458919902732
2010-11-30,46,2010-46,2010,11,16,28.13,36.61,27.3,34.81,34.71,211580800,0.2252029650547125,14.145913555752287
2010-12-15,48,2010-48,2010,12,1,35.52,37.81,33.51,33.93,33.83,145666000,-0.025352924229328777,-1.5925202159149716
2010-12-31,50,2010-50,2010,12,16,34.12,35.0,32.42,33.0,32.91,88637600,-0.027194797516996827,-1.7082157632700943
2011-01-15,01,2011-01,2011,1,3,33.28,36.65,33.28,36.62,36.51,90808000,0.10938924339106659,6.8711829818192465
2011-01-31,03,2011-03,2011,1,18,36.28,36.4,30.51,32.28,32.19,126198400,-0.11832374691865244,-7.432395462010562
2011-02-15,05,2011-05,2011,2,1,32.51,36.62,32.0,35.62,35.52,93755600,0.10344827586206917,6.498006664703213
2011-02-28,07,2011-07,2011,2,16,35.69,37.0,32.09,33.07,32.97,122646000,-0.07179054054054068,-4.509455638652426
2011-03-15,09,2011-09,2011,3,1,33.17,33.22,30.06,31.39,31.3,140402400,-0.050652107976948635,-3.181664773749624
2011-03-31,11,2011-11,2011,3,16,31.35,33.69,29.42,33.4,33.3,154728000,0.0638977635782747,4.013678238048831
2011-04-15,13,2011-13,2011,4,1,33.74,34.27,32.35,33.43,33.34,98822800,0.001201201201201485,0.07545232964021513
2011-04-30,16,2011-16,2011,4,18,33.12,35.62,32.05,34.65,34.55,85255200,0.036292741451709576,2.2796945997244027
2011-05-15,18,2011-18,2011,5,2,34.9,34.92,32.29,33.73,33.63,62674400,-0.026628075253255945,-1.6726176344841295
2011-05-31,20,2011-20,2011,5,16,33.22,38.5,31.81,38.06,37.96,173309600,0.12875408861135895,8.087567617075836
2011-06-15,22,2011-22,2011,6,1,37.7,38.01,34.19,34.87,34.77,96262800,-0.08403582718651204,-5.278631862940747
2011-06-30,24,2011-24,2011,6,16,34.84,37.4,33.67,37.24,37.14,89610800,0.06816220880069013,4.281545374988496
2011-07-15,26,2011-26,2011,7,1,37.33,40.01,36.83,38.6,38.49,73374000,0.03634894991922466,2.283225282024152
2011-07-31,29,2011-29,2011,7,18,38.44,40.03,35.4,36.18,36.07,78679200,-0.06287347362951423,-3.949338423217035
2011-08-15,31,2011-31,2011,8,1,37.14,37.24,30.81,34.34,34.24,115258000,-0.05073468256168556,-3.186851619035195
2011-08-31,33,2011-33,2011,8,16,34.49,34.59,27.31,32.19,32.1,226792800,-0.0625,-3.925879026591516
2011-09-15,35,2011-35,2011,9,1,32.18,33.44,29.18,33.06,32.96,109048000,0.026791277258567003,1.6828690157601032
2011-09-30,37,2011-37,2011,9,16,33.12,34.25,28.26,28.57,28.49,146209600,-0.13561893203883502,-8.518776334400041
2011-10-15,40,2011-40,2011,10,3,28.25,33.12,27.32,32.95,32.86,98918400,0.15338715338715336,9.63487053489922
2011-10-31,42,2011-42,2011,10,17,32.44,34.94,30.06,33.29,33.2,120962800,0.01034692635423018,0.6499324986201486
2011-11-15,44,2011-44,2011,11,1,32.35,34.34,31.26,34.15,34.05,96842800,0.02560240963855409,1.608191408483264
2011-11-30,46,2011-46,2011,11,16,33.86,34.09,25.84,29.6,29.52,200780000,-0.1330396475770924,-8.356760994048543
2011-12-15,48,2011-48,2011,12,1,29.01,32.11,26.23,26.68,26.6,134912400,-0.09891598915989153,-6.213315315797951
2011-12-31,50,2011-50,2011,12,16,26.95,27.33,23.52,25.36,25.29,144687600,-0.049248120300751985,-3.093474601404449
2012-01-15,01,2012-01,2012,1,3,26.05,26.92,23.79,25.98,25.9,126214800,0.024120205614867496,1.5150881494477315
2012-01-31,03,2012-03,2012,1,17,26.06,29.99,25.57,29.2,29.12,100304000,0.12432432432432439,7.809316117760425
2012-02-15,05,2012-05,2012,2,1,29.34,33.68,28.91,32.65,32.56,107584400,0.11813186813186816,7.420342775535614
2012-02-29,07,2012-07,2012,2,16,32.77,36.56,31.69,35.79,35.69,154230000,0.09613022113022107,6.038329903307832
2012-03-15,09,2012-09,2012,3,1,35.99,38.61,34.58,38.11,38.0,93285600,0.06472401232838343,4.065578280269619
2012-03-31,11,2012-11,2012,3,16,38.4,39.39,36.82,38.63,38.52,75217600,0.013684210526315965,0.8595608816116272
2012-04-15,14,2012-14,2012,4,2,38.22,40.47,38.08,39.84,39.73,70422400,0.03141225337486997,1.9731313072380892
2012-04-30,16,2012-16,2012,4,16,40.19,41.19,36.88,38.93,38.82,90433200,-0.022904606091114887,-1.4387314026471716
2012-05-15,18,2012-18,2012,5,1,39.04,40.88,33.59,34.53,34.43,136644400,-0.11308603812467799,-7.103393684384031
2012-05-31,20,2012-20,2012,5,16,34.87,37.98,33.03,34.65,34.56,166162000,0.0037757769387163354,0.2371718958847101
2012-06-15,22,2012-22,2012,6,1,33.56,34.65,31.31,33.64,33.54,118072800,-0.02951388888888895,-1.8538873181126643
2012-06-30,25,2012-25,2012,6,18,32.83,35.62,32.41,34.56,34.47,79672000,0.027728085867620766,1.7417137720835356
2012-07-15,27,2012-27,2012,7,2,34.23,35.96,31.2,32.64,32.54,64779200,-0.055990716565129106,-3.5170044775499285
2012-07-31,29,2012-29,2012,7,16,32.49,35.21,30.72,31.09,31.0,135738400,-0.04732636754763364,-2.9727615001602605
2012-08-15,31,2012-31,2012,8,1,31.84,36.6,30.05,36.03,35.93,110322000,0.15903225806451604,9.989462503791568
2012-08-31,33,2012-33,2012,8,16,35.69,37.99,35.19,36.29,36.19,140153600,0.007236292791539034,0.45454096160925545
2012-09-15,36,2012-36,2012,9,4,36.18,40.47,35.73,39.86,39.74,75423200,0.09809339596573641,6.1616448939043424
2012-09-30,38,2012-38,2012,9,17,39.75,39.97,36.56,38.17,38.06,69626400,-0.042274786109713136,-2.6554511382682424
2012-10-15,40,2012-40,2012,10,1,38.29,39.96,37.17,38.54,38.43,64674000,0.009721492380451835,0.6106464486973614
2012-10-31,42,2012-42,2012,10,16,38.69,38.92,35.63,36.49,36.39,74506400,-0.05308352849336451,-3.334392178713166
2012-11-15,44,2012-44,2012,11,1,35.81,37.27,34.76,35.18,35.08,67890000,-0.03599890079692225,-2.2612372739037707
2012-11-30,46,2012-46,2012,11,16,35.34,40.12,35.04,39.42,39.3,102254800,0.12029646522234883,7.556309916632239
2012-12-15,49,2012-49,2012,12,3,39.67,42.04,38.31,41.7,41.58,66243200,0.05801526717557248,3.644174730026932
2012-12-31,51,2012-51,2012,12,17,41.19,43.19,40.67,42.03,41.9,56134000,0.007696007696007756,0.4834175232358999
2013-01-15,00,2013-00,2013,1,2,42.94,43.74,41.69,43.66,43.54,47150000,0.03914081145584736,2.4585934524525457
2013-01-31,02,2013-02,2013,1,16,43.5,44.73,41.53,43.03,42.91,80801200,-0.014469453376205865,-0.9088851765742466
2013-02-15,04,2013-04,2013,2,1,43.49,43.96,42.27,43.76,43.63,55760800,0.01677930552318818,1.0539763781480906
2013-02-28,07,2013-07,2013,2,19,43.67,43.94,40.5,42.31,42.18,56482400,-0.033234013293605424,-2.0875634521412665
2013-03-15,08,2013-08,2013,3,1,44.38,46.99,42.7,44.12,44.0,95105600,0.04314841156946425,2.710327104180775
2013-03-31,11,2013-11,2013,3,18,43.83,44.81,42.53,44.71,44.58,53358000,0.013181818181818183,0.8280035765174836
2013-04-15,13,2013-13,2013,4,1,44.67,44.91,40.33,41.29,41.18,62552400,-0.07626738447734405,-4.790664402121542
2013-04-30,15,2013-15,2013,4,16,41.69,42.67,39.75,41.11,40.99,67309100,-0.004613890237979534,-0.28981719866046707
2013-05-15,17,2013-17,2013,5,1,41.21,45.07,41.12,44.79,44.66,43568600,0.08953403269089999,5.623996497717815
2013-05-31,19,2013-19,2013,5,16,45.39,47.58,40.85,42.33,42.21,95092400,-0.054858934169278895,-3.4459126252213865
2013-06-15,22,2013-22,2013,6,3,42.37,42.44,36.87,37.56,37.45,116659100,-0.11276948590381419,-7.083509752788668
2013-06-30,24,2013-24,2013,6,17,37.22,38.95,36.09,38.18,38.07,65479500,0.016555407209612794,1.0399124150544135
2013-07-15,26,2013-26,2013,7,1,38.56,42.6,37.73,41.98,41.86,41674900,0.09955345416338313,6.25335708359625
2013-07-31,28,2013-28,2013,7,16,41.94,44.42,41.4,43.75,43.63,52975000,0.04228380315336855,2.6560175354293407
2013-08-15,30,2013-30,2013,8,1,44.17,46.1,42.86,43.6,43.48,39449100,-0.003438001375200672,-0.21595483987668973
2013-08-31,32,2013-32,2013,8,16,43.53,49.94,42.11,49.13,48.99,86031900,0.12672493100276006,7.960107980319883
2013-09-15,35,2013-35,2013,9,3,49.46,50.6,48.02,49.64,49.5,51285600,0.010410287813839458,0.6539124894261372
2013-09-30,37,2013-37,2013,9,16,50.2,54.25,49.49,51.91,51.76,54488300,0.045656565656565506,2.8678744565969447
2013-10-15,39,2013-39,2013,10,1,52.14,53.37,48.7,50.72,50.58,42053700,-0.02279752704791349,-1.432005332728902
2013-10-31,41,2013-41,2013,10,16,50.98,56.24,50.98,53.36,53.21,46604300,0.05199683669434574,3.2661326500389776
2013-11-15,43,2013-43,2013,11,1,53.54,57.89,53.54,57.31,57.15,52814700,0.07404623191129489,4.651144781738944
2013-11-30,46,2013-46,2013,11,18,58.2,58.37,50.99,52.09,51.94,71671500,-0.09116360454943129,-5.726356529425523
2013-12-15,48,2013-48,2013,12,2,52.01,54.54,50.29,51.13,50.98,46006500,-0.018482864844050817,-1.1609838630813565
2013-12-31,50,2013-50,2013,12,16,50.72,55.55,50.12,55.19,55.03,44022300,0.07944291879168319,4.9901326191277136
2014-01-15,00,2014-00,2014,1,2,55.2,59.85,54.03,59.72,59.55,44517900,0.0821370161729964,5.159359825605995
2014-01-31,02,2014-02,2014,1,16,59.49,61.49,56.95,60.53,60.36,54611600,0.013602015113350241,0.8543978536461205
2014-02-15,05,2014-05,2014,2,3,61.1,63.54,58.07,62.8,62.62,54401200,0.037442014579191385,2.3518851159964997
2014-02-28,07,2014-07,2014,2,18,63.33,67.0,60.97,62.37,62.19,66083200,-0.006866815713829411,-0.43133260464627093
2014-03-15,09,2014-09,2014,3,3,60.65,63.87,57.61,58.16,57.99,75425300,-0.0675349734684032,-4.242146174416298
2014-03-31,11,2014-11,2014,3,17,58.61,59.91,53.86,57.09,56.93,70360800,-0.01827901362303852,-1.1481791393514804
2014-04-15,13,2014-13,2014,4,1,57.61,59.35,52.76,55.23,55.07,73246300,-0.03267170209028636,-2.0522423999888226
2014-04-30,15,2014-15,2014,4,16,55.96,57.4,48.18,51.65,51.5,66413400,-0.06482658434719446,-4.072021245667465
2014-05-15,17,2014-17,2014,5,1,51.9,54.21,49.18,51.42,51.27,67658500,-0.004466019417475708,-0.2805288314146935
2014-05-31,19,2014-19,2014,5,16,51.6,55.54,49.62,52.63,52.48,89407900,0.02360054612833995,1.4824462249816868
2014-06-15,22,2014-22,2014,6,2,52.63,54.39,50.21,54.31,54.15,46567900,0.03182164634146334,1.9988469434170173
2014-06-30,24,2014-24,2014,6,16,53.16,58.63,52.52,58.08,57.91,63792400,0.0694367497691597,4.361604473494838
2014-07-15,26,2014-26,2014,7,1,58.24,59.49,53.16,53.74,53.59,43751900,-0.074598514936971,-4.685835923294854
2014-07-31,28,2014-28,2014,7,16,53.99,56.49,52.48,54.25,54.1,43727300,0.00951670087702916,0.5977826620075819
2014-08-15,30,2014-30,2014,8,1,54.33,55.33,52.5,53.63,53.48,42207700,-0.011460258780037091,-0.7198654333417422
2014-08-31,33,2014-33,2014,8,18,54.11,61.01,53.9,59.09,58.92,79364000,0.10172026925953648,6.389463546644095
2014-09-15,35,2014-35,2014,9,2,59.2,61.44,56.83,57.57,57.41,43307100,-0.025627970128988542,-1.6097969667761598
2014-09-30,37,2014-37,2014,9,16,57.46,58.8,55.29,57.53,57.37,48566100,-0.0006967427277477789,-0.04376524258872269
2014-10-15,39,2014-39,2014,10,1,57.29,59.4,51.04,53.09,52.94,53153400,-0.07721805821858119,-4.850380083751209
2014-10-31,41,2014-41,2014,10,16,51.97,64.6,51.69,63.99,63.81,55426600,0.20532678503966761,12.89740990375513
2014-11-15,44,2014-44,2014,11,3,63.92,64.74,61.59,63.91,63.73,32208500,-0.0012537219871494587,-0.07875137367242717
2014-11-30,46,2014-46,2014,11,17,63.73,64.1,56.8,59.87,59.7,63422400,-0.06323552487054751,-3.972080333196619
2014-12-15,48,2014-48,2014,12,1,59.09,59.81,53.44,55.41,55.25,48537700,-0.07453936348408718,-4.68212038012255
2014-12-31,50,2014-50,2014,12,16,54.36,61.1,53.75,59.31,59.14,58846100,0.07040723981900454,4.422564898010064
2015-01-15,00,2015-00,2015,1,2,59.9,60.43,55.03,55.11,54.95,38728700,-0.07084883327696989,-4.4503031779285624
2015-01-31,02,2015-02,2015,1,16,54.96,59.98,54.95,56.45,56.29,44501100,0.024385805277524986,1.5317715437692807
2015-02-15,05,2015-05,2015,2,2,56.88,63.22,55.45,62.85,62.67,34987900,0.11334162373423351,7.119448055328872
2015-02-28,07,2015-07,2015,2,17,62.58,71.0,61.55,69.38,69.18,58223600,0.10387745332695086,6.524965045632248
2015-03-15,09,2015-09,2015,3,2,67.38,68.8,63.65,64.6,64.42,48919800,-0.06880601329864133,-4.321985352200207
2015-03-31,11,2015-11,2015,3,16,64.95,69.89,64.81,66.81,66.62,50998900,0.03415088481837936,2.14515587916829
2015-04-15,13,2015-13,2015,4,1,66.51,69.75,65.42,67.21,67.02,29233500,0.006004202942059278,0.3771483904260735
2015-04-30,15,2015-15,2015,4,16,66.67,78.46,65.44,72.82,72.61,68927000,0.0834079379289765,5.239191586665854
2015-05-15,17,2015-17,2015,5,1,73.37,76.18,70.04,72.4,72.19,74616500,-0.005784327227654651,-0.3633371031358663
2015-05-31,20,2015-20,2015,5,18,72.55,75.89,69.29,72.75,72.54,61689100,0.00484831694140464,0.30454249271246087
2015-06-15,22,2015-22,2015,6,1,72.79,73.67,70.73,72.56,72.35,31467100,-0.002619244554728617,-0.1645253962067698
2015-06-30,24,2015-24,2015,6,16,72.0,76.21,69.11,69.63,69.43,41653200,-0.040359364201796644,-2.5351357031424304
2015-07-15,26,2015-26,2015,7,1,70.58,72.16,68.33,71.36,71.16,27877900,0.02491718277401689,1.565149524068165
2015-07-31,28,2015-28,2015,7,16,71.91,74.52,71.63,73.3,73.09,35165000,0.02712197863968524,1.703641713619254
2015-08-15,31,2015-31,2015,8,3,73.57,73.64,69.48,72.99,72.78,24106300,-0.004241346285401626,-0.26641619882192125
2015-08-31,33,2015-33,2015,8,17,72.59,74.14,64.16,69.36,69.16,71080300,-0.04973893926903006,-3.1243049356991084
2015-09-15,35,2015-35,2015,9,1,67.86,71.7,66.26,71.27,71.07,35689200,0.0276171197223829,1.7347435374875189
2015-09-30,37,2015-37,2015,9,16,71.5,73.62,67.71,69.43,69.23,44903300,-0.025889967637540257,-1.626254095157638
2015-10-15,39,2015-39,2015,10,1,69.16,78.34,68.68,77.7,77.48,44512900,0.11916799075545281,7.485425848766143
2015-10-31,41,2015-41,2015,10,16,78.18,79.38,75.31,77.71,77.49,33237800,0.0001290655653070072,0.008107132734303314
2015-11-15,44,2015-44,2015,11,2,77.71,79.82,75.42,75.6,75.38,28698200,-0.027229319912246752,-1.7103842552294442
2015-11-30,46,2015-46,2015,11,16,75.54,82.9,73.94,79.69,79.46,48175100,0.054125762801804145,3.3998591517099226
2015-12-15,48,2015-48,2015,12,1,80.35,82.14,75.85,77.37,77.15,38370900,-0.029071230807953485,-1.8260821648983316
2015-12-31,50,2015-50,2015,12,16,77.64,79.89,76.43,78.4,78.18,30809900,0.01335061568373308,0.8386064336776232
2016-01-15,01,2016-01,2016,1,4,77.14,77.97,68.18,70.86,70.66,48537400,-0.09618828344845243,-6.041977033505908
2016-01-31,03,2016-03,2016,1,19,71.86,72.19,65.27,68.06,67.87,49354600,-0.0394848570619869,-2.4802043553218924
2016-02-15,05,2016-05,2016,2,1,67.59,69.09,52.6,59.68,59.51,103535400,-0.12317666126418159,-7.73722673636189
2016-02-29,07,2016-07,2016,2,16,60.68,70.84,58.46,67.75,67.56,86134000,0.13527138296084695,8.496945364224288
2016-03-15,09,2016-09,2016,3,1,68.12,72.49,67.5,71.7,71.5,46107100,0.05831853167554768,3.66322400586633
2016-03-31,11,2016-11,2016,3,16,71.27,74.66,70.71,73.83,73.62,40908500,0.02965034965034974,1.8624589731746102
2016-04-15,13,2016-13,2016,4,1,73.38,76.59,73.11,76.31,76.09,30487300,0.03355066558000552,2.107453669259673
2016-04-30,16,2016-16,2016,4,18,76.24,77.82,74.48,75.8,75.58,27831900,-0.006702589039295659,-0.42101685973172814
2016-05-15,18,2016-18,2016,5,2,76.3,77.43,73.17,76.37,76.15,28243100,0.007541677692511239,0.4737234284534876
2016-05-31,20,2016-20,2016,5,16,76.67,84.48,76.0,83.71,83.47,63598100,0.09612606697307946,6.038068963813505
2016-06-15,22,2016-22,2016,6,1,82.07,83.85,80.77,81.99,81.76,34126100,-0.02048640230022758,-1.2868341939324743
2016-06-30,24,2016-24,2016,6,16,81.19,82.32,75.51,79.41,79.18,50123900,-0.03155577299412915,-1.9821463578485536
2016-07-15,26,2016-26,2016,7,1,79.59,82.48,77.73,81.4,81.17,30844800,0.025132609244758797,1.5786813362802978
2016-07-31,29,2016-29,2016,7,18,81.51,83.09,80.88,81.8,81.57,29041600,0.004927929037821688,0.3095432520658476
2016-08-15,31,2016-31,2016,8,1,81.78,81.8,78.21,78.92,78.69,43051900,-0.035307098197866815,-2.217782340876999
2016-08-31,33,2016-33,2016,8,16,79.0,80.7,75.87,79.42,79.19,64488100,0.006354047528275508,0.39912355080355966
2016-09-15,35,2016-35,2016,9,1,75.45,76.55,72.65,73.99,73.78,80417200,-0.06831670665488065,-4.291250013155216
2016-09-30,37,2016-37,2016,9,16,73.76,75.22,69.81,71.33,71.13,89197300,-0.035917592843589086,-2.2561299908847987
2016-10-15,40,2016-40,2016,10,3,71.15,76.16,66.77,74.27,74.06,166368900,0.04119218332630403,2.587448457283996
2016-10-31,42,2016-42,2016,10,17,74.1,76.16,72.23,75.16,74.95,59024000,0.012017283283823899,0.754854406409169
2016-11-15,44,2016-44,2016,11,1,75.99,77.09,72.27,74.02,73.81,68820100,-0.015210140093395608,-0.9554107197468886
2016-11-30,46,2016-46,2016,11,16,74.21,80.37,72.0,72.0,71.79,90218100,-0.027367565370545965,-1.719068014353579
2016-12-15,48,2016-48,2016,12,1,72.14,72.27,66.43,70.23,70.03,78599800,-0.024515949296559425,-1.5399464185654987
2016-12-31,50,2016-50,2016,12,16,70.48,70.64,68.23,68.46,68.26,41277100,-0.025274882193345616,-1.587618078438831
2017-01-15,01,2017-01,2017,1,3,69.29,76.08,69.0,75.64,75.42,50454300,0.10489305596249632,6.588759175012071
2017-01-31,03,2017-03,2017,1,17,75.3,80.0,74.37,79.1,78.87,47321000,0.04574383452665076,2.8733561690248175
2017-02-15,05,2017-05,2017,2,1,78.91,82.83,77.45,81.67,81.44,50329900,0.032585266894890275,2.046813054056585
2017-02-28,07,2017-07,2017,2,16,81.52,83.13,80.25,81.35,81.12,39826900,-0.003929273084479323,-0.24681361267372687
2017-03-15,09,2017-09,2017,3,1,82.87,84.4,81.62,83.48,83.24,57962100,0.026134122287968298,1.6415904410994022
2017-03-31,11,2017-11,2017,3,16,83.95,84.0,80.5,82.49,82.25,45190700,-0.011893320518981176,-0.7470678013119796
2017-04-15,14,2017-14,2017,4,3,82.61,86.42,81.55,83.13,82.89,43476400,0.007781155015197605,0.4887659724291467
2017-04-30,16,2017-16,2017,4,17,83.25,86.32,83.0,86.12,85.87,29497000,0.035951260706960975,2.2582448062237086
2017-05-15,18,2017-18,2017,5,1,86.25,89.94,86.11,89.8,89.54,34664000,0.04273902410620711,2.6846118136887633
2017-05-31,20,2017-20,2017,5,16,90.01,91.81,86.44,89.64,89.38,76283400,-0.0017869108778201248,-0.1122431350019562
2017-06-15,22,2017-22,2017,6,1,90.0,91.99,83.55,86.27,86.02,63460900,-0.03759230252852985,-2.361325312928617
2017-06-30,24,2017-24,2017,6,16,86.08,89.8,85.83,86.6,86.35,52688800,0.0038363171355497716,0.24097467170893586
2017-07-15,27,2017-27,2017,7,3,87.01,90.77,85.12,90.0,89.74,27399800,0.0392588303416328,2.4660066983476936
2017-07-31,29,2017-29,2017,7,17,89.98,92.13,88.62,90.8,90.54,35232900,0.008914642299977737,0.5599649157607705
2017-08-15,31,2017-31,2017,8,1,91.37,91.78,87.26,90.7,90.44,32740400,-0.001104484205875944,-0.06937714206479928
2017-08-31,33,2017-33,2017,8,16,91.05,95.66,90.28,95.49,95.22,66243400,0.05285272003538255,3.319894161363545
2017-09-15,35,2017-35,2017,9,1,95.75,98.22,94.17,94.63,94.36,46049300,-0.009031716026044911,-0.5673187923324831
2017-09-30,38,2017-38,2017,9,18,94.94,96.21,92.11,93.42,93.15,38996500,-0.012823230182280598,-0.8054792068123312
2017-10-15,40,2017-40,2017,10,2,93.72,97.63,93.45,96.94,96.66,31555800,0.03768115942028971,2.3669067754522675
2017-10-31,42,2017-42,2017,10,16,96.95,102.45,95.93,102.34,102.05,42815800,0.05576246637699156,3.5026671555271323
2017-11-15,44,2017-44,2017,11,1,103.67,107.0,101.3,105.43,105.13,52166300,0.030181283684468374,1.8958090977994098
2017-11-30,46,2017-46,2017,11,16,106.23,109.19,102.77,104.32,104.02,59378500,-0.010558356320745754,-0.6632132741583316
2017-12-15,48,2017-48,2017,12,1,103.86,105.65,98.68,105.48,105.18,55714300,0.011151701595847108,0.7004837024950928
2017-12-31,51,2017-51,2017,12,18,105.4,105.88,101.32,102.23,101.94,27353500,-0.03080433542498584,-1.9349455099686714
2018-01-15,00,2018-00,2018,1,2,102.88,110.71,102.27,110.24,109.93,35233300,0.07837943888561916,4.92333112379302
2018-01-31,02,2018-02,2018,1,16,110.85,114.52,108.23,113.91,113.58,46759700,0.03320294733011919,2.085612072709403
2018-02-15,04,2018-04,2018,2,1,113.3,114.27,102.37,113.12,112.8,67560300,-0.006867406233491802,-0.4313696975863889
2018-02-28,06,2018-06,2018,2,16,112.84,118.15,112.28,116.25,115.92,43880000,0.027659574468085202,1.73741029261923
2018-03-15,08,2018-08,2018,3,1,120.91,128.87,117.64,127.22,126.86,83232700,0.09437543133195314,5.928104423866283
2018-03-31,10,2018-10,2018,3,16,127.29,127.95,111.34,116.3,115.97,93044100,-0.08584266120132433,-5.392126451153287
2018-04-15,13,2018-13,2018,4,2,115.91,121.94,113.61,119.01,118.67,48691400,0.023281883245666934,1.4624297141394595
2018-04-30,15,2018-15,2018,4,16,120.95,124.74,115.04,120.99,120.64,46919900,0.016600657284907783,1.04275475619925
2018-05-15,17,2018-17,2018,5,1,120.88,131.0,120.42,128.13,127.76,45845300,0.05901856763925739,3.7071961099909334
2018-05-31,19,2018-19,2018,5,16,128.71,132.55,124.58,129.33,128.96,60315400,0.009392611145898622,0.5899880816418097
2018-06-15,21,2018-21,2018,6,1,129.88,139.75,128.35,138.41,138.01,59712600,0.070176799007444,4.408089974026444
2018-06-30,24,2018-24,2018,6,18,137.01,142.12,131.67,136.4,136.01,58184000,-0.014491703499746378,-0.9102827972677948
2018-07-15,26,2018-26,2018,7,2,136.15,148.7,135.3,147.61,147.19,43804000,0.0821998382471878,5.1633059354215955
2018-07-31,28,2018-28,2018,7,16,147.84,149.35,135.39,137.15,136.76,54637800,-0.07086079217338137,-4.45105436481821
2018-08-15,30,2018-30,2018,8,1,138.0,147.88,136.75,145.04,144.63,39696200,0.05754606610119928,3.6147023035127566
2018-08-31,32,2018-32,2018,8,16,146.51,154.97,143.95,152.68,152.24,69590900,0.05261702274770119,3.305089056750221
2018-09-15,35,2018-35,2018,9,4,152.11,158.79,147.08,157.49,157.04,44688300,0.03152916447714116,1.980474968748204
2018-09-30,37,2018-37,2018,9,17,157.0,161.08,151.65,159.03,158.58,59241800,0.009806418746816314,0.6159810189456005
2018-10-15,39,2018-39,2018,10,1,160.11,161.19,136.45,141.95,141.54,78570600,-0.10745365115399175,-6.7496005663382
2018-10-31,41,2018-41,2018,10,16,145.47,148.35,128.03,137.24,136.85,78355900,-0.03313550939663701,-2.081376022010933
2018-11-15,43,2018-43,2018,11,1,138.4,143.63,126.3,132.49,132.11,59436200,-0.03463646328096437,-2.175657036000723
2018-11-30,45,2018-45,2018,11,16,131.85,143.22,113.6,142.76,142.35,106311800,0.0775111649383089,4.868791308127721
2018-12-15,48,2018-48,2018,12,3,146.3,147.07,132.75,137.04,136.65,57466400,-0.04004214963119068,-2.5152101666676914
2018-12-31,50,2018-50,2018,12,17,134.31,137.97,120.16,136.97,136.58,80789200,-0.0005122575923892647,-0.032176981410772486
2019-01-15,00,2019-00,2019,1,2,133.4,149.86,130.1,149.19,148.76,62836200,0.08917850344120648,5.60166426052243
2019-01-31,02,2019-02,2019,1,16,149.15,153.38,144.64,151.97,151.54,54944500,0.018687819306265174,1.1738578858751754
2019-02-15,04,2019-04,2019,2,1,152.4,163.57,151.07,159.05,158.6,55965100,0.04658835950904061,2.9264042156775676
2019-02-28,07,2019-07,2019,2,19,159.66,164.6,157.21,163.65,163.18,40327800,0.028877679697352,1.8139244329673898
2019-03-15,08,2019-08,2019,3,1,165.15,166.15,150.25,161.51,161.05,85005700,-0.013053070229194774,-0.8199163943267501
2019-03-31,11,2019-11,2019,3,18,161.4,166.99,152.37,158.37,157.92,50499900,-0.01943495808755058,-1.2207887094175998
2019-04-15,13,2019-13,2019,4,1,160.1,163.14,155.83,160.09,159.63,42126100,0.010828267477203779,0.6801674909292375
2019-04-30,15,2019-15,2019,4,16,160.04,167.56,153.17,165.35,164.88,38841200,0.03288855478293562,2.0658637989957285
2019-05-15,17,2019-17,2019,5,1,166.01,166.22,151.7,155.06,154.62,50847500,-0.062227074235807756,-3.908735450056175
2019-05-31,19,2019-19,2019,5,16,156.76,159.45,151.2,151.41,150.98,49471400,-0.023541585823308897,-1.4787426885829211
2019-06-15,22,2019-22,2019,6,3,150.7,162.99,142.51,150.01,149.58,109713100,-0.009272751357795594,-0.5824592011898836
2019-06-30,24,2019-24,2019,6,17,150.2,158.29,148.47,151.73,151.3,73120400,0.011498863484423083,0.72229035173017
2019-07-15,26,2019-26,2019,7,1,154.57,159.84,151.68,159.65,159.19,48736700,0.05214805023132829,3.275630986893002
2019-07-31,28,2019-28,2019,7,16,159.96,161.61,152.3,154.5,154.06,64392100,-0.03222564231421565,-2.024223572477109
2019-08-15,30,2019-30,2019,8,1,154.73,157.78,137.87,142.13,141.72,105471000,-0.08009866285862655,-5.031322569195309
2019-08-31,32,2019-32,2019,8,16,143.06,158.42,142.52,156.07,155.62,95040800,0.09808072255151012,6.160848825246643
2019-09-15,35,2019-35,2019,9,3,154.21,156.8,147.74,152.98,152.54,45860600,-0.019791800539776472,-1.2432034342014575
2019-09-30,37,2019-37,2019,9,16,151.65,156.88,146.75,148.44,148.02,47826700,-0.029631572046676213,-1.8612794755677053
2019-10-15,39,2019-39,2019,10,1,149.49,152.97,142.08,152.74,152.3,34966900,0.028915011484934583,1.8162693942777197
2019-10-31,41,2019-41,2019,10,16,147.26,158.42,141.49,156.49,156.04,65301200,0.024556795797767483,1.5425121533239365
2019-11-15,43,2019-43,2019,11,1,157.91,164.42,155.47,163.21,162.74,45964400,0.042937708279928266,2.697091974177204
2019-11-30,46,2019-46,2019,11,18,164.0,166.34,161.11,162.89,162.42,46282000,-0.0019663266560158155,-0.12351296925248512
2019-12-15,48,2019-48,2019,12,2,163.1,163.21,154.5,161.13,160.67,64762300,-0.010774535155768983,-0.6767923454289025
2019-12-31,50,2019-50,2019,12,16,160.85,165.46,159.74,162.64,162.18,44719100,0.009398145266695801,0.5903357022621021
2020-01-15,00,2020-00,2020,1,2,163.92,184.45,163.58,181.06,180.54,58224900,0.1132075471698113,7.11102616137331
2020-01-31,02,2020-02,2020,1,16,182.23,186.44,177.3,182.31,181.79,46548300,0.006923673424171994,0.4349040685268144
2020-02-15,05,2020-05,2020,2,3,183.26,192.6,181.85,189.95,189.41,42156500,0.04191649705704381,2.632945546630933
2020-02-29,07,2020-07,2020,2,18,190.95,195.72,163.12,170.4,169.91,75869100,-0.10295126973232671,-6.466787689649719
2020-03-15,09,2020-09,2020,3,2,172.2,178.42,135.32,147.78,147.36,95906700,-0.1327173209346123,-8.336514347561755
2020-03-31,11,2020-11,2020,3,16,134.01,158.02,115.29,143.98,143.57,131217800,-0.025719326818675503,-1.615535451767854
2020-04-15,13,2020-13,2020,4,1,138.32,158.79,130.04,155.63,155.19,74324400,0.08093612871769862,5.083927203621188
2020-04-30,15,2020-15,2020,4,16,157.0,165.3,148.0,161.95,161.49,71636700,0.040595399188092074,2.549962019978255
2020-05-15,17,2020-17,2020,5,1,158.49,183.3,155.08,171.33,170.84,71744400,0.057898321877515535,3.6368289205405278
2020-05-31,20,2020-20,2020,5,18,174.0,184.8,170.69,174.79,174.29,70566200,0.020194333879653303,1.2684881893458781
2020-06-15,22,2020-22,2020,6,1,173.1,182.5,167.0,178.61,178.1,70531600,0.021860118193814948,1.3731228725745555
2020-06-30,24,2020-24,2020,6,16,180.01,194.09,178.01,187.33,186.79,69556700,0.048792813026389714,3.0648749009392753
2020-07-15,26,2020-26,2020,7,1,188.1,202.82,183.3,188.09,187.55,53352200,0.004068740296589768,0.25557411512047223
2020-07-31,28,2020-28,2020,7,16,186.42,196.5,181.93,194.85,194.29,50360100,0.03593708344441482,2.2573542747407576
2020-08-15,31,2020-31,2020,8,3,197.8,209.95,191.72,193.46,192.91,47202100,-0.00710278449740076,-0.4461547630199202
2020-08-31,33,2020-33,2020,8,17,195.34,278.28,194.42,272.65,271.87,191787000,0.4093100409517392,25.710427282331956
2020-09-15,35,2020-35,2020,9,1,271.0,284.5,239.45,251.68,250.96,99639500,-0.07691175929672267,-4.831140203540137
2020-09-30,37,2020-37,2020,9,16,254.67,255.43,233.63,251.32,250.6,59531700,-0.001434491552438688,-0.090106244792668
2020-10-15,39,2020-39,2020,10,1,253.18,270.16,247.21,257.72,256.98,48419200,0.025458898643256234,1.5991768995788616
2020-10-31,41,2020-41,2020,10,16,259.24,262.52,228.66,232.27,231.61,43868500,-0.09872363608062884,-6.201232837084707
2020-11-15,44,2020-44,2020,11,2,235.12,270.92,228.99,249.51,248.8,57941600,0.07421959328180994,4.662034314035364
2020-11-30,46,2020-46,2020,11,16,249.52,267.09,236.07,245.8,245.1,95991700,-0.014871382636655994,-0.9341319870346402
2020-12-15,48,2020-48,2020,12,1,245.0,246.7,215.63,220.15,219.52,190378600,-0.10436556507547934,-6.555625328451142
2020-12-31,50,2020-50,2020,12,16,221.48,233.18,220.17,222.53,221.89,86689100,0.010796282798833712,0.6781584032814724
2021-01-15,01,2021-01,2021,1,4,222.64,223.75,212.99,213.14,212.53,84359500,-0.04218306368020186,-2.649689679671661
2021-01-31,03,2021-03,2021,1,19,215.35,230.3,213.7,225.56,224.92,69178100,0.05829765209617466,3.6619124746224165
2021-02-15,05,2021-05,2021,2,1,227.21,242.89,224.75,240.37,239.68,53415100,0.06562333274053,4.12206825057733
2021-02-28,07,2021-07,2021,2,16,245.0,251.23,216.34,216.5,215.88,74544000,-0.09929906542056077,-6.237377892715495
2021-03-15,09,2021-09,2021,3,1,219.9,220.2,201.51,212.8,212.19,104679000,-0.017092829349638627,-1.073670083981667
2021-03-31,11,2021-11,2021,3,16,214.84,217.43,204.37,211.87,211.26,70536000,-0.0043828644139686235,-0.27530552766709976
2021-04-15,13,2021-13,2021,4,1,213.6,233.49,213.37,233.0,232.33,57951300,0.09973492379058979,6.264755928450875
2021-04-30,15,2021-15,2021,4,16,234.0,238.33,226.67,230.32,229.66,48219000,-0.011492273920716278,-0.7218764344509551
2021-05-15,18,2021-18,2021,5,3,230.77,231.46,208.91,217.66,217.04,54353800,-0.05495079683009674,-3.4516828923162937
2021-05-31,20,2021-20,2021,5,17,216.59,243.5,212.82,238.1,237.42,77574500,0.09389974198304452,5.898224442457429
2021-06-15,22,2021-22,2021,6,1,238.0,246.64,229.43,242.58,241.89,58807100,0.01882739449077575,1.1826251705072188
2021-06-30,24,2021-24,2021,6,16,242.0,247.69,238.89,244.27,243.57,65638600,0.00694530571747487,0.43626288079201175
2021-07-15,26,2021-26,2021,7,1,244.5,253.5,235.82,237.58,236.9,54613100,-0.02738432483474973,-1.7201207444178104
2021-07-31,28,2021-28,2021,7,16,238.3,250.56,234.31,241.93,241.24,75120100,0.018319966230476936,1.150751539073508
2021-08-15,31,2021-31,2021,8,2,242.31,253.77,238.88,251.56,250.84,42201600,0.03979439562261655,2.499647730411449
2021-08-31,33,2021-33,2021,8,16,250.17,275.22,244.47,265.27,264.51,90539400,0.05449689044809425,3.4231711875940594
2021-09-15,35,2021-35,2021,9,1,266.27,273.26,252.19,256.16,255.43,51095700,-0.03432762466447392,-2.1562576272474208
2021-09-30,37,2021-37,2021,9,16,255.53,286.36,254.94,271.22,270.45,80193500,0.058802803116313695,3.693643063346019
2021-10-15,39,2021-39,2021,10,1,271.5,292.87,266.14,291.66,290.83,53793000,0.07535588833425777,4.733409624666158
2021-10-31,42,2021-42,2021,10,18,290.78,300.78,287.95,299.69,298.83,37077800,0.027507478595743207,1.727856532695093
2021-11-15,44,2021-44,2021,11,1,301.5,311.75,297.89,305.49,304.62,41229700,0.019375564702339254,1.217057969492489
2021-11-30,46,2021-46,2021,11,16,304.08,309.9,283.04,284.96,284.15,58061800,-0.06719847679075575,-4.221009450427596
2021-12-15,48,2021-48,2021,12,1,271.26,276.94,250.71,260.04,259.3,95763600,-0.08745380960760152,-5.493329230944167
2021-12-31,50,2021-50,2021,12,16,260.0,261.35,245.25,254.13,253.4,53974400,-0.022753567296567745,-1.4292440420757428
2022-01-15,01,2022-01,2022,1,3,255.01,256.87,218.89,231.23,230.57,80746200,-0.0900947119179164,-5.659215038805644
2022-01-31,03,2022-03,2022,1,18,228.45,232.91,207.51,232.63,231.97,81744500,0.006071908747885768,0.38140126727523666
2022-02-15,05,2022-05,2022,2,1,232.37,234.49,204.63,214.25,213.64,77264900,-0.07901883864292802,-4.963494421342245
2022-02-28,07,2022-07,2022,2,16,211.0,212.42,184.44,210.53,209.93,64354600,-0.017365661861074577,-1.090807802932366
2022-03-15,09,2022-09,2022,3,1,213.4,217.31,189.2,196.14,195.58,86527600,-0.06835611870623537,-4.293725644288151
2022-03-31,11,2022-11,2022,3,16,198.66,222.16,197.33,212.32,211.71,75539400,0.08247264546477151,5.18044206556263
2022-04-15,13,2022-13,2022,4,1,212.48,221.0,189.22,189.41,188.87,61336800,-0.10788342544046103,-6.776596436056889
2022-04-30,16,2022-16,2022,4,18,188.3,193.3,167.55,175.94,175.44,78431100,-0.07110711071107112,-4.466526633313841
2022-05-15,18,2022-18,2022,5,2,175.09,185.98,154.64,166.91,166.43,77005100,-0.0513565891472868,-3.2259160993697718
2022-05-31,20,2022-20,2022,5,16,164.74,169.1,154.55,160.24,159.78,90498700,-0.03995673856876769,-2.509845150690006
2022-06-15,22,2022-22,2022,6,1,178.01,192.68,162.15,168.55,168.07,127228200,0.051883840280385396,3.2590348860126257
2022-06-30,24,2022-24,2022,6,16,163.73,186.58,158.17,165.04,164.57,80940900,-0.02082465639316955,-1.3080813083187082
2022-07-15,26,2022-26,2022,7,1,164.76,176.94,157.65,167.38,166.9,49252200,0.01415810901136294,0.8893283715824978
2022-07-31,29,2022-29,2022,7,18,168.95,187.56,167.11,184.02,183.49,44105100,0.09940083882564421,6.243770693939204
2022-08-15,31,2022-31,2022,8,1,181.3,194.37,179.43,191.06,190.51,46168800,0.038258215706577836,2.403154026196289
2022-08-31,33,2022-33,2022,8,16,189.55,190.85,155.97,156.12,155.67,97529100,-0.1828775392367855,-11.487281531589812
2022-09-15,35,2022-35,2022,9,1,154.87,165.66,150.48,154.78,154.34,66992400,-0.008543714267360336,-0.5366654184227303
2022-09-30,37,2022-37,2022,9,16,151.92,153.54,143.75,143.84,143.43,87003600,-0.0706880912271608,-4.440206316455973
2022-10-15,40,2022-40,2022,10,3,144.98,158.25,137.59,142.22,141.81,59809400,-0.011294708220037641,-0.7094665298002651
2022-10-31,42,2022-42,2022,10,17,146.07,166.03,145.94,162.59,162.13,80004800,0.14329031803116843,9.000647268355078
2022-11-15,44,2022-44,2022,11,1,165.0,165.7,136.04,162.07,161.61,84975600,-0.003207302781718213,-0.20146372356281858
2022-11-30,46,2022-46,2022,11,16,160.0,160.82,142.92,160.25,159.79,73905800,-0.011261679351525444,-0.7073918523256397
2022-12-15,48,2022-48,2022,12,1,147.55,147.59,127.02,130.44,130.07,169296200,-0.18599411727892856,-11.683046465515973
2022-12-31,50,2022-50,2022,12,16,128.92,132.95,126.34,132.59,132.21,86274300,0.016452679326516506,1.0334596591873118
2023-01-15,01,2023-01,2023,1,3,135.19,149.96,133.03,149.51,149.08,94016700,0.12760003025489763,8.015076521122328
2023-01-31,03,2023-03,2023,1,17,149.6,168.01,143.16,167.97,167.49,107939000,0.123490743225114,7.756955500890775
2023-02-15,05,2023-05,2023,2,1,167.73,178.84,165.33,171.1,170.61,89183400,0.01862797778971892,1.1700989969995215
2023-02-28,07,2023-07,2023,2,16,168.99,170.37,159.66,163.61,163.14,50175600,-0.04378406892913678,-2.7502553265237655
2023-03-15,09,2023-09,2023,3,1,162.99,193.91,162.98,182.91,182.39,140405800,0.11799681255363503,7.41185938574346
2023-03-31,11,2023-11,2023,3,16,183.3,200.0,182.65,199.78,199.21,87048800,0.0922199682000111,5.792711023829763
2023-04-15,14,2023-14,2023,4,3,198.22,198.93,187.31,194.65,194.09,45253400,-0.02570152100798151,-1.6144169964277737
2023-04-30,16,2023-16,2023,4,17,195.16,200.12,190.57,198.37,197.8,44594000,0.019114843629244316,1.2006810192100275
2023-05-15,18,2023-18,2023,5,1,197.76,206.28,190.76,203.33,202.75,53702400,0.025025278058645073,1.5719394282408885
2023-05-31,20,2023-20,2023,5,16,201.93,225.0,201.75,223.38,222.74,77968300,0.09859432799013579,6.193110470357744
2023-06-15,22,2023-22,2023,6,1,208.22,220.39,204.78,211.92,211.31,109216500,-0.051315435036365264,-3.2233310423949737
2023-06-30,24,2023-24,2023,6,16,213.54,217.8,207.35,211.26,210.66,74257000,-0.0030760494060858568,-0.19321916556978808
2023-07-15,27,2023-27,2023,7,3,210.57,232.2,207.83,229.33,228.67,47590100,0.08549321181050029,5.370176114604627
2023-07-31,29,2023-29,2023,7,17,229.24,238.22,221.75,225.01,224.37,53533000,-0.018804390606550814,-1.1811802030414777
2023-08-15,31,2023-31,2023,8,1,223.89,224.81,204.91,208.78,208.18,50276900,-0.07215759682667022,-4.532511935857139
2023-08-31,33,2023-33,2023,8,16,208.0,228.79,200.2,221.46,220.83,68279400,0.06076472283600731,3.8168792150164426
2023-09-15,35,2023-35,2023,9,1,223.5,226.83,213.46,214.61,214.0,52073200,-0.03092876873613193,-1.9427616719916756
2023-09-30,38,2023-38,2023,9,18,214.56,217.18,199.55,202.78,202.2,42421700,-0.055140186915887957,-3.4635792533667273
2023-10-15,40,2023-40,2023,10,2,200.8,209.22,197.42,204.59,204.01,39086900,0.008951533135509449,0.5622821790805685
2023-10-31,42,2023-42,2023,10,16,205.84,211.94,193.68,200.83,200.26,49738600,-0.018381451889613265,-1.1546137032277393
2023-11-15,44,2023-44,2023,11,1,200.92,221.37,200.49,219.42,218.79,46741700,0.09252971137521215,5.812167251592189
2023-11-30,46,2023-46,2023,11,16,220.0,252.5,218.94,251.9,251.18,68735400,0.14804150098267743,9.29908838036833
2023-12-15,48,2023-48,2023,12,1,250.0,263.43,246.89,261.6,260.85,85790200,0.03849828808026112,2.4182339477436052
2023-12-31,51,2023-51,2023,12,18,259.82,268.36,259.68,263.14,262.39,38215100,0.0059037761165419145,0.37084017333798097
